recording_id,content_sha256,split
S-0001,892d55dc4566f14c05b169e34c617e813c6192e1cdd0851946c6d6eb3b9850cd,validation
S-0002,0f397a7e556786c2b3ec6204f6f011d4e971234fee9cc9228462486a7a680127,validation
S-0003,eaefe1474212265aa3b1d2b102eb536a1918cd65ba419296f12dce7de952d6e0,test
S-0004,643de14799ebd130974e45205fc6a2c7e73e31beb7dd711b1abbdf70655d5f50,validation
S-0005,535361484a3829a5126785a0febea46703d1e7ab1f1377d8b16b2f9625a4cb8d,validation
S-0006,21b6ce2ae67dcef4412e03f6be1a5767e0a19feab1f317fa410f63a168e527e6,test
S-0007,0ee8ffe254e47abb6c0377bde502ebaf55fb33a75828dcd3a85c1ceaf7dbb680,train
S-0008,32286c180e5b8e9053d08a61d092c50cfd307ca338ae0571e47b273181b96b95,train
S-0009,4b64fc19b3b6d4f0e8b96ff4dfafc06ec9057027c8bbc8dcea4669aa853d26d7,train
S-0010,98270ffd35df05e009ee4455fb1e7f1e27e54de2196cf9a2fb04354aeebac740,test
S-0011,b5e4263012788325d954826b3df217384bfa8f9fc44d993ff56baa62c8db3248,train
S-0012,8cd1095b2bde69a4cae7beca68d7ddfd9a12b3e19c410bc2bcaf46596c61b51f,test
S-0013,48e29d6561a6722ef0dfd11b9838b462a6df651e49b73d5e9f56f4e6f699b62e,test
S-0014,fd2b9877a820172f9ed568303303a90276e0d1357b39daabf02cfbb46152be5b,validation
S-0015,85d4c7d76ee4d8b615c1c82486ad13689f3084682357dc71eed17f3e1e6314e7,train
S-0016,51abc7a3f7af48bc81cc9605c6048f08826888f7ff75471e267f88cb9b48397d,train
S-0017,657412a49cbde07e5f3b82d04ad3bcd62a6cad70409acd69b3c53a751715a766,train
S-0018,e5ca1f16818653cb25d7c5ce50662f03a23a76ce0afe18525fbbdc810ba67f29,validation
S-0019,7979287c8855bfc441c0d9a3995cfe9e5a27799d50cb998f84ccd31f6d994e80,train
S-0020,112ac9c3e4e1cdcca32749b72276679ceb63c715a765b41e29713718a03ef0bf,train
S-0021,e99fb056e426f0d3e027d24fda00b92111adc28ea3ebc5957fd83829fea16f97,validation
S-0022,e80a548e2009bb6b3b56ab703e620d7b7271fcbf7c3bfdd9c36f7b07fc53e928,test
S-0023,d47ce578a125cdf6e7c9fd6af79f357fd4274740fbe7d7035d0049b79127b94e,test
S-0024,d45b9dab26775404b6cc121812e8fa21ad4e74b8e0b823bc09e23645131f31f4,test
S-0025,767e4ad995304c4d7d9c697ccdd57788ceae9948a76b9f5e029b4fd06e2c6051,train
S-0026,110538b43d8f9bde230dbfb6fa200167db4e0cff61adb109ef9517b278776c12,train
S-0027,7b2ab65eceee388560701d18b453c7008fad6e6f2c00d27534cf453c4a247495,train
S-0028,38d5137fb5ac02f10835403540b32d73f5f723e06d78302ebf10034d2f59ce5b,train
S-0029,18c25cc1cd03446b93033e46d2e1e195f072ed5f3c85946b6721afc0a2568182,train
S-0030,bb93a213e768d830f86155716053c37d2b7a57403a3d4816ed8168050fc179e6,validation
S-0031,4a0711c6157f722e412a5709b236428397ea62311482a0eab1b04456b1d59a77,test
S-0032,c1a7f3f6abb2e46440db486b41b48c30ee3968d79cfbd2199855101e49e993bc,train
S-0033,f85f56ec36584e7acdbecf90251b32ba5a61ad1497fd46045735c268644941c5,train
S-0034,fb05bee502281861f9d0cc53b4197a758ca09cfff3f47f570816abe7f4472d6a,train
S-0035,cb589fdafef3c0362c1721b61d2be75115cae4beffea11b87cba2b38e3a2c7c9,train
S-0036,ee83bc8a1b47825b531cbfe01ece036b14728897711047bd9e5aa5d4d1337eb4,train
S-0037,5eec03aa1a33df1b4699b56667637d6fb7ed5d0513af413a6965e0123bea5109,train
S-0038,ce75845534920d792141dfbc0df8cddd9bc27724677609bdc12b1378fae4c815,validation
S-0039,f366411a71589eb04adc6d0d5cacf60d735666abcc29753bbbbcaf432847e085,train
S-0040,6162b81f43beed7e5135cce0d77c3470dcb69f8055a41b6ffa582c1ca9097a15,train
S-0041,c11d97cad83f332b5d406528b9b95e22a3aaa85135d88a28b4b896b4cbe6abf9,test
S-0042,129a9d119db80621bfbb893336106d58279077d3945dd660f6a1201e7d96fa29,train
S-0043,37e8bf877d1794ff9ca4cd932acfdf283d3ba285b4cc5746064d3a44e03daaa9,train
S-0044,279d74f5dc3b8da7d18a871b1060cf703afd48ab9567c2829ddac3992d3c7cca,test
S-0045,8d458c627993f1d0afeef095ce0542f8a0f3521f92825305e0a5b34fa2ff67eb,train
S-0046,d0f44500155f1c009207ba31ce1ab7397212c825208ffa2df591ae44407bc1ae,test
S-0047,a160fe8950d5dda0be87d0145762ce11a2f39e1b0b029ca346fb14f6abc0add2,validation
S-0048,bbfc1a405db3a63a977ce606ccb5c8e831b405f7d904f7940c5c86e5f4030a11,validation
S-0049,f738cbbd4eec15daf0aad6a0d5b73c917612b4c16f1ec783465543fd6c77d932,train
S-0050,e87adbe265d9ec97db215778850f043714f2ce2c4fef33d78936ad321dac6205,validation
S-0051,0dc77bf81dd5eb5afd48eb2ceae6edf048bd31a7e7eb8086c859f79865332fa5,validation
S-0052,64b053fdaf39544785b6d39d65d90d2e47c7da483650911959859aac8e9d5976,train
S-0053,c1e4c66efb1d48d1541b26038a2b1321cac2db6fa13abdf4f33ecb99feb6d2af,train
S-0054,57ff352869f28afeae9dac2df21a328eb52c13b3c1cf79e901ca6706656cafce,train
S-0055,36ef3dc0ea0e42f42014f7222e0adeba15e585f1c674507a878355ba32d78e1a,train
S-0056,2ab191c392dea8cff986c79ed8ec7929fad9a9f3174aed3d2835ae8e9002282b,train
S-0057,a89a1fac967f2d4e6ba48e176becbda60e99498158ac802e94a6a450e45040b7,train
S-0058,21a5c7f6ece6c6ce84a2a756402fd3706b8451c6456954ff9dd0cc62172b01a0,train
S-0059,0d4199852c61ef4536e2ba84ac4b57fe0a1bc014818d7bdbf7b7d097a1ee4ad9,train
S-0060,4d9e163a799431ea20d21799cdb1795db43c31127a3b8d09ab9fb94a07322998,train
S-0061,2fd7256d3c45823e2f42b2f3b0592afc00b2a3f2dfa532e5a37ea35e147cdab1,test
S-0062,6b4c1ca8e649ac34346833a0a6d9511d591024bb1751dad4d58a2b11591c9872,train
S-0063,a8e8e8e8e127fd7a5d2da1529d16991d2ad444858f8043f6a3a5fc08f7a3476b,train
S-0064,0544c24ef6073ffdb2c8ab59a2c924e0689077d7646bd1b32b8ac652504473a6,validation
S-0065,71d7b644f12e3102537744e2db6ce04b06e824d2def24fa242fa94f17e2bf4ba,test
S-0066,7499e3a77e2a210998536a220af6637023e726bbb508a6f9e6b519f5430fc5c3,train
S-0067,e7e9bbb225356e665425fc2041eda8d952cd800ba2f6f1e1fd5c8a271db42491,train
S-0068,1445c3bb29c6836423ceb625d235a6df4c42c4ed633f93866c052cc5787bbfdd,test
S-0069,0c4d5888e585b87fa0d02ed962335fd44b007e4d2c525d2d17bf752bfa258d83,validation
S-0070,5fb0cbbc2c6bbbc1e415079c7d57d3a78239d5fe9d10bc1fbbe2f5ac037c9065,validation
S-0071,06ab33bea75aa6d698583761099363a0a0178f003873501c21b7f4b723d79bfd,validation
S-0072,7fcb7eeb8633449b13b4fbacebaae7ef615e5130bbbaac545da65ac6d28dabe8,train
S-0073,e257dde578aedea36d6f7efbee2918a41dbfb2810b00e6f4699c0934e283d368,train
S-0074,32a7d26380af512cda2b212e9ddf81398c3e2cc0a7322c741b0889e2aacd55ea,train
S-0075,51e48dfaef96fc4708e84b4b2206d24539d4e871e07b4cbb2f0dcef153c95834,train
S-0076,1fd6a0f89a0d261bdbae32cb69b1f875dc4dbae5d2eec293221daf8ca1ae0b5a,train
S-0077,46f8662f54b5c1f3a724af54ba57ca4f1e8424c98fd2a916953ac4511e78d8a0,train
S-0078,960446092f96439a081a7730d1ca2bf0b1d7b0eacfeee0c33d9c981a56cab541,train
S-0079,7718ee5ddcf134003ef5a388a486ccaf9531be8acc66a906f21deada5c62cf00,validation
S-0080,992d3b5f0c3bffda88c0bfa5c06cac43d3d97ec737afc6a77c9762a1792d2edd,test
S-0081,68ac8ddddc48ab23fc483c95749fa25b2353711c2cd0255ad3d41a6d874ed8ed,test
S-0082,33a2c15df034ecf55228f218bc9aa53408060cfb49367a9e914ab1a0d75219b7,validation
S-0083,d6e0df6ba5aa627b50253ecd1dc829140b2163d3f54583676eec74816163139f,test
S-0084,fdb4e5731f7f5846004c5b1d4ab8e7c1ae0ff6122c70cbe2fbe315e934261ea2,train
S-0085,cd1460bb52c79ae6e28929d32403180fc58318db7acfa40705d86ef499ebd6a8,train
S-0086,ca224822917f9ffb7a6bf89c8c48bf197bfb67fc233c14ff5a544e3a2d0e3c98,train
S-0087,938212c51259b974191705e3fd8ec246f546b60515c60b6df11b7603547d305f,test
S-0088,6d850f17d0b8fe63c0b0ef7ffe87b981758062f22aef531467fe019fd3078338,train
S-0089,46d3fec4481ac594276eb54e2da57edb9b6548205f0fcd0d53997f6dbffe128a,validation
S-0090,7d8e1e78cc33faea69ea4da2c98bce63dbe2a58f80f1d673cb7ae29e909ab444,train
S-0091,6d868ebf318ef2ffc10613675ad0576a09a6b8a2240aa791d025ad1e8b4635d2,train
S-0092,b2fe9856b59e28ff148eafcfbaa1cc96e5b2ef23b05cba268e11823c4cafb4e4,validation
S-0093,a2394426f68cfab3ddc377715417e516ce2755593d05ff6f27e8149c33ea9b92,train
S-0094,8806b933f11597be959a60b272bb254f714f998cbfebf1c5cc56543fa6e78e2b,train
S-0095,382c8f5888547dc9cb29d1b37804b663b2bb1013a70a31107cbd86eeae867b7d,test
S-0096,34698706a68b8e2191081f72421cd0585f1b568f482d28d6019cd7ca3c81cd08,test
S-0097,a7ae548496a3f1ad84bf6a22a17b347c9dce31124568a74c077927b9885aa140,train
S-0098,74a9c1ae3865c8f7dfca9287aa0515799014ba02963c4b78108ea0e29885ea00,train
S-0099,c0ba507ea3ece48171bdf7e033dab7dcc9e203ac8229cac8c877d2d5ee756cfa,train
S-0100,b23e3d73bb51dd4fe00303f7f95a0e721aac688d67e14a95c052ff90a8c65fc8,test
S-0101,8e84017c383fdaa8396210fb1e50aad831ce4ffbfbe1bcacf2e3cbbd31051b8b,train
S-0102,320072cabab7c132e3b3b13b789f872cd7c9c9ef1d1ea2a73def8a3bfc98bfe0,train
S-0103,7aba7e1be5f14a5580e33f90932df6a1184f1ccbe23edeb4bfdd7b6f1adf9e69,validation
S-0104,fa49f541bfa11753082ef0d30672da8cc8719f3f99e34389a09615ebc512842f,test
S-0105,a1317277fe7fa1606484d13a17eedfcfe04dd87413a863abf5d129369790a373,train
S-0106,9b0d3d21d252e16e9305803035f0ca4b5f42fc4745b49cdf89317f4617095f73,train
S-0107,7e65d7e0f83bbbde78ba26430fe43a830c0270d43b15bb8af598f86d808c98de,validation
S-0108,548d9453b559baeff1f75059ce4783178f05517d776c656f52698727012b1567,test
S-0109,d5eddfae91ae5c4eebf1487583ed25e27f423a0c9b314abafc15600a2e247986,train
S-0110,ea4eaf8097cd880fbda7334784b4eba78268c73191e6ab44149b1da00ad24f41,validation
S-0111,b05cb588a1fb1db676ef3da1730cddcd77c0f613029728cddc5d7424c873c98b,train
S-0112,5cdd5e36d464840566cb51cb30300f074123bdb3e878e5d0cafb333ca6b52119,train
S-0113,04f581a91c4437d625997a2d78d21bfd6531829295b4ca1c8d10c3d86be4092a,train
S-0114,41a64ff9b78f13f9ac14cb9c5ebadcb946a05e807352b2291231081db73b6894,train
S-0115,0455b3bc7545e7daa2d92b29efbea42af1a74b5a9d1c8705bba02acc4a9597b7,train
S-0116,9a758fcb6b2a52c56d03a06f63d79110b19b0a2a939eb0f8b69515359a1e6ad5,train
S-0117,1a12d86a63b51500b839dae8950daa2f6f504a48123e610a5bb8537bbdcfbd4a,train
S-0118,f5125a6a6913039c87ad53098b1317a50f271068d7cfa90adfeb1e79117ea02b,test
S-0119,fac69e391eb5c534a896a8e7d6193bbeafe42a717d22233b5facc03c7c9ab269,train
S-0120,2bd7570687260ee08e9d7bf41146e12081c8b21307c82cc2d304e7128e38ff40,test
S-0121,be1ddd59fc7bca3765801314c974d7d578fbe34530d218a8e271cf5d98de5549,train
S-0122,0a1bfcacf952ee264682bd20895c9ed2733772da9ee66b9a61ab188971f10305,train
S-0123,9ca8266e0480c2f24ca6b0162afa5e370a05240c8b24339a505cda12366010be,train
S-0124,63d42b6d52ed3249e6dc56596c3ec53cee966c165b2043a7f6497b18f8936202,train
S-0125,d375a54b5c8ef7c728a62cc1136037e8e7a929dcc3ff3b7760a9c6eb3480f8fa,train
S-0126,6b2550e46e3ea84fb088db27d3104b9be1ce04fb4954e2a14c6ab0c3bfc73b35,train
S-0127,0d05bb09136c5a69c308dba2102f7d33d29c60760508ffd52b02c40e8d02da69,validation
S-0128,4414c92efdf99eec6a48f1abe8d2bfce09caab4471d09e11b59ab8608243021a,train
S-0129,ff8849d60f499bb19f6fc17ea13293e6f6c11556d30fa06903acaba29cf770b8,validation
S-0130,427a581cebe9f161c7df541d6cfd907c7b9f668d23f6c91242ca32d34383787a,validation
S-0131,8d6eb87196f1af936483ba0f85ae4814948b007881d1b9f4bd6c68bd81f8923b,test
S-0132,1c8d4913d8f9348f211d37580ad6b0d3811d40ec034c20bd967cf78526d44ba5,train
S-0133,dd61f679aaf9048d3af78a7ec538d89b5ae7821562f79afd7152dfcbe18fb187,validation
S-0134,3e92e3a88733675d627dd74e97db5645266e5d4c7d86b0d5d231b8326f7c902b,validation
S-0135,45566ad506c2527028d256584d6aae27917349158be6428634b254a82d614cca,train
S-0136,a9d9cfb0fe15a3f4600232df098a4544897a82b8dcdb1d403dfd8ab57f55642d,test
S-0137,8e03c322c5e696fcd8d9108a68846131a946d271d4b09d878dcd562f80cbc255,train
S-0138,36bee16a5f71e4b420197433dfe76c1134884f0dc3c6c8c29c858688c0c11e79,train
S-0139,3990bd466402054c63f223a0ca4f6f52de8f2cc18d05e3ff23660292c737958a,train
S-0140,33af7fcf0a6d6c128528050677c58642b844e4e6812853ea14967ac1bb7b2a2b,train
S-0141,2f2ff9acfd0226a7a988a92ecfe8ed9838f469205cc9d9527793a69afeb42c06,train
S-0142,9b682007dbb9f9b519e3c89684feeb06040922f20d9be8c7c1c741fe3d8c772a,test
S-0143,d38b553279d844902d7a0fb07cdccd5636b9fb2349768cc85d6ed4f2661bc2e7,train
S-0144,7688b3e4902a5e364872959a938625dcc050736b327abac052cdf2107c75cb68,train
S-0145,0f5dcf2687c07c01d7501b27a12bad622a8b5197a0d269d8698e7b3806c4e000,validation
S-0146,b2bebb1434ea236e0e30b0b6ec3b5bd3dd4eae2bd11bfdfc9906b0ad3f57f969,test
S-0147,711f2e741a8532586c0ab10403d756825ed58ae3b3fbbaae8f1fb2dcf4d06e8b,train
S-0148,0f48bc430246b6b4e13269aa5fbe0de80749d295ea77652de1efb6435b9dc6d1,train
S-0149,1b8b212a36755ed98c69a4d6410c76ddf3a6b47a6441520cbd7def42db079b3f,train
S-0150,78ed37333d561fefbbf6937aedb4751b50b9cf272046333be4af16b8660b6e8c,test
S-0151,69c75ca4fc09b5ed8d534415ebfca73cd8f267a1e9515e0ac274f00677238708,train
S-0152,19a01d7d89f59191005550feb9e7c3170e3b1880421ce36c4c98abe66902cd6f,train
S-0153,50a8b7e931e0490c1a30453e67c18bbd1e09a2ae305c690f98cf96ae0d2b001e,train
S-0154,cbed420c92b257cc2e8f8a04c0d27545555d7a69204a094a880ea3f3407ac9ca,train
S-0155,ba417bb002aed981959d84c43c2ab8bd019b334596fb08582fac653890d9c0f4,test
S-0156,1af5512a650d8789d0f4d27aafaa87a20427b3181b805595b2c654280df38f80,train
S-0157,d7fc9463ffa127f1155ca839bf65f4408befb73be20b2707f495cf467ccc2afe,test
S-0158,30072de1fb7ce99bbc70ef4583c8094d155b59494324d14acf3379d7878b10bc,train
S-0159,82e2a382456004da4687876644e1fbdc102473e6e643dac6afb69eb37aabbbfb,validation
S-0160,b503a6349432303dda7737b542b4981fb34c9832c542b4e31901bb1bdf39fbee,train
S-0161,6df0f0938d8cd0eab46a977e6c5c728084184107f16dbd0d74636c489323bb08,test
S-0162,d60763be65db913202a01680296b4b330368cfe5c58bfb78f8715ddd7a9f3314,validation
S-0163,c07744718819fe34dfefa1c7fab03c1b4d65c0c8c70749c2b8b1695e6e12398b,train
S-0164,8035940af9bcdf816cd5a558ba48761cffb8a98da8bbb300782c6e44e8d98273,train
S-0165,0b262b1820bfc762579035789ddebbec76845fac69b2fb192940e2b547714c40,train
S-0166,d6ebcf3574a996d262a469308a8cd18cf2b79aeae498ede06285d8262a4bf553,train
S-0167,1397c2d48196e150ca9d781570fd33c705faac8d0615355bdb62703989ce7cab,train
S-0168,a41865bc296e87a6b6ae8a927cdd417a011c165f8658579f85083bba3de6dec5,validation
S-0169,d2192a37e6a31ec4404817eda7db36f100a61e0ae086040e52042d6c0c502185,train
S-0170,71227040011923bd2997281037e9fb4eed93261468273f9c058a801e02ba3c61,test
S-0171,b44299973e4d88e218b6ce014999c37792b13c8adb332806dc3dd8a66551dfb3,train
S-0172,9270a62b76544267146729d9943e43e9678eea00b5c91ca414bb28d81cd0c7f7,validation
S-0173,b1886688d1bd656083d4e1d58e2af082fe3223c0539e0e45286d8411ecfeed33,train
S-0174,58089c940ded12fac8c2d895758d5e01c5391b63b0177a8b7dfb80f9b8903c0f,train
S-0175,eec391055befcc86cbd22bb7629431aae77bd53b395b243de2269ab8afa38b83,train
S-0176,442919b63685e4d1af04ee7e00a10ecf78f4b6f8f2ffc33d83782b794834920a,train
S-0177,3e40e8e19c4c2c3c00c95780da9870440bf85a982fecd4a6dbf2e9f263dd3f66,test
S-0178,3a444f8fec7ab5d915038740ee3962a0f72e26f2675e295fc3420461c3f836a2,train
S-0179,790b1e36fe2837213e69d3a787823fa9b5d4e4b6b99fb43591fa8d32783ea509,train
S-0180,d0d08bb3a36a519ae4b596890e9c711132a2fdaed2fb02e691ec5bb1ae0a4dd6,test
S-0181,ed8af300a2e8dac6f01199cf6d165134d1601d26bea6b41e59110ac249b9f8f2,train
S-0182,9745ab3d98d822b44685c158a6ee0b4d2915b4aab5569f051cd8af9723e83b44,train
S-0183,b9ea28b3cb28150c77f33c245f69ba9bc50a35460d72d2712b9aa5eb3500025f,validation
S-0184,d496c388cf1a0822bc7d9e951caa4fcb156236ea47d0c8bdd4447c33ff34d52b,train
S-0185,6e25265b2fc8ef180ab0f5e9d43c377595d9c56374bb2bd81a162c566aa59890,test
S-0186,b6ba14a2dba5546fabcae76a9835c9d8989d8e02edbb9797e367bc81e57dbd4e,validation
S-0187,c6559f360f1ecb01ecc0d089ef3d9d80eed73b6366e1779ab5a37ed69f4612f5,test
S-0188,cdeccd08784e2e3454469195cf62bed1e08045c46c2772e20240373b1b76639f,validation
S-0189,eba0397972bdff11a24a6db6637737e91d883576aa7e1315b4dba9c379532f1f,test
S-0190,e6e23929254e23730c8cc1cb9d1c8630d2a897c59eb47d9fdbff6fc8e57c8c44,validation
S-0191,30ecdc162a50fbd92ce1437cecef1b842fcb4d56b87228c82d0faa154175709e,validation
S-0192,314f8fd0751da4a8a06c54fca95f57dbc223973509db2dfb703a2c8f4bfacf48,train
S-0193,f7b02821eaf4ead5ba6a88e05372a8ab4ef560ddbd669b63a3a11af8ba65b14e,test
S-0194,2055da40f32d5f0d88ef9a168da692d1cd7fd2a43d86ff53a9f636de87d20763,test
S-0195,d9c203144a2fb8c92be6c91a79319aa8398239ec070f622b611624b5efd90147,validation
S-0196,f5ac9e30b1d88da1ff6f1c3b7d6da0a4890ee121cb4cd5682e211d577d2aada9,train
S-0197,9d0dea6b34bf19240e2681783b3189db42cc6afeb1459b569d9ae16f6732f270,validation
S-0198,6b4c1ca8e649ac34346833a0a6d9511d591024bb1751dad4d58a2b11591c9872,train
S-0199,0a310595d75337dcbe3610d444c24362296ad4bbcbfcff064600fb9a5f66e480,test
S-0200,a441cb2b2cd3cad90fb369ec0c4bbdfd17f433781ab436af01983765278bea32,train
S-0201,c4be4c6b54d355793430b6d33c85e567703442b2f5b3755479710c7b6b77bf98,train
S-0202,251db8a0d3c29c6984127982ee87fde608855a88a59841100862acd75a5a7a00,test
S-0203,8e013677a4e9fe545c3df15d1d2495b5474b9237122cb99efcce07fa5d450df3,test
S-0204,8a9a2d1dabdc9a968dac6fbd04bd1ac0e83ec5f63a5dda0efba33f289fd79458,train
S-0205,d54da58290a5b0038ad94e5b7f41d22f3db67dd39f5cf407ec228fc86fc94a81,test
S-0206,14af423ae0ac1c40664d5b322075e2fd3dfcc6f5d1c31580cd2449c922cfa4a7,test
S-0207,bd39b56aa2775905422654b15f2b85fafa34c02d767ff488176b0a0a9f292041,train
S-0208,0907d97e9e15b60e4bbf95f84157765606efe5fad52d8e491e049d65eb7859b2,train
S-0209,31c3ccc5f9736a78cf501ae3dd2d66cd7e62782af627753eb195e17634e3c438,validation
S-0210,d2e01d3f001f40a0798e8fdc3e75a80bfe0df3589b9e69e296bec2d6af13554d,test
S-0211,93e215bbba71bdb91fbf52cf0f99b203f3518fdba44bd493d92e14b6fc78b155,test
S-0212,9b3768bcc6b9651ee6859b720fc8fc81443accf0a7b713cdd777acc15b9ad3fa,validation
S-0213,2ffe91d7139ee1f8e7f888645fd2b1f55b4a2471cf2fc197b2785db5930a41cd,train
S-0214,5dd8d740992439d92957b94ebde48411365dbf35da1418c8da8cad0564b7231d,validation
S-0215,2e67af98e556d16f75bb5e2064899b81537219b39e3b5fae6fca2e3a24358b05,test
S-0216,0c76ec5aadf32e94863733ba56779a966f6f1b5a296bc4ac98db72e467f8257b,train
S-0217,ad840c37bbe241dd13ccb4ffeedcb3718994a26fed61705e7635261ae3d967f0,train
S-0218,c4247af32dbad46c28a1fbba731b9a2adb0c2497c07f3ec11f95ef83a245383a,train
S-0219,27f245d481036a20ba424f7922dce182358b96a51545f25ada51c8bb27b630c3,train
S-0220,47ffb6adbe9003f877ac94e19c8697d3baa3890c30350adae4545db33cdaed90,train
S-0221,7f15040c07af5380aa492611ab6dd6eba54ed0ab32686a408a541ead4e2a9666,train
S-0222,79c5b04c642f293e2d6609d4f6bf1fc9a2df3b007dea3be54b66e817ccb86cb5,train
S-0223,4526ee22458af14d0b743b6e4f4161d523df7b130567168df099161bb5b6fe42,train
S-0224,c9d61d514316af65cc423da24ac48b038345f3766e537a1239f2d174912f2104,train
S-0225,0dca909d4f8ab6b60cf6c3685ceefaf9eb9b6163e4ed848abe250dd9c8b694c3,train
S-0226,1eaf5a5ea4622bdad5002b186ba7bdf74b8894662ba9a4ece0dcb5c22ae2ea38,validation
S-0227,3091ddf4078afaf3815e45676eea36025fddaedc5053112a52cff4ef1bbbb55a,test
S-0228,09f52a78ac0220655a4b236b649305b329d9c76ea4bf10fb18aecb5ec899002f,train
S-0229,84d518510f5c93865e2c1e2eaa506b4ceb79d29bd56fc461aa7702e34d770c78,train
S-0230,a146209545f0642f55486147bf480b502224c97dc10bf859755b9059bbaf9aea,train
S-0231,c23ca9b3cba3675ff249f61c5819f063d96553145357eae0d756ebcf2953803f,train
S-0232,48fa0981f062fa990f1098e118a7eb8cd47eae7d160a3c9a0768bafb7f30de21,train
S-0233,8af42e3f5501357eb146bbebf2cca4046b32298aed2984ec09aaeb2501ef2c5b,validation
S-0234,bc900e91737f31e18b3040a71fd852fe236be94ab0031fd749e1cb1fe3b0d759,train
S-0235,36c67efa7f37cfeb656caf946a83f4394529ad5999ade710f7cff55f6d7650e7,train
S-0236,9a384a0b756149bb713c99c725124e959a7cdcd603d85ebb4c36930dcc8da34f,train
S-0237,59af864e601b646f63377b5f8b53cf34f5a2d23f8e353e354024e82aaec12a45,train
S-0238,5c282d50ae6f6bc0c8fdd3df0430e7a43a3dd98f27d0b628941e0b4b079c13af,train
S-0239,97d2105039c2aa097126097ee2f635530e9968895d005dfcc57b327111396855,train
S-0240,ade692aaae4cddb8271135844e913b0a4d732b0006cc86648d5c18ff9ab9f1a4,train
S-0241,ea701c27959f90778f520fb4b5a162de54fa756e675cb5770fec00189e5c48aa,train
S-0242,4d8989cd64c2d3919a06836b455b26b31c554488abca153473d95ec22a6ca85b,train
S-0243,5a600ddced56b9dafcf8d451c2eaa82807b5f6ef55555c01f519265ea5c8eab1,test
S-0244,95daf00c60c9a9a6747f1299cd0baf37f0db79a0c1be915b6492bf2d7e4514f6,train
S-0245,d5275b750745247d73725904f7007e2f7d7d4a09e57c99f972cd314c0738213f,train
S-0246,3a8128b2b0f6a277aaefa90736f0d8e492e9c6a49db114ca0d13b28f3faa0659,validation
S-0247,5ee1b819113115782462c4d7007692641787ad2ad9d054b3d55861d6a24d6a38,test
S-0248,3849aa217731336e92a5d928d25fde504186b5cc1fb91acca3df81222eae8a4b,train
S-0249,96eb544c17f08ab44dd886c347609608cc41b0ff9ed1b688e4d6588303c4dd46,test
S-0250,c2f6b73a88f2b666806862b30a96552bc5976183f39095863c9ce8363e198419,train
S-0251,37c1262bb9528257935ec58610bca2f0decf9352468881675b5f0640c9dfd22e,validation
S-0252,0bc019f83b298a3e2f3834fb3580c7fe9b4c8b9932ebb85205713be24c626245,train
S-0253,f6748c6016f944794a0a9cc10dbc3895b0a627f2413f31101bf9064d36ee75fd,train
S-0254,9e6966e6f9a89f4d31dffb8c640e7b75ad437cdfc585ff18ada3d33474ce3928,train
S-0255,6dcdb5563b80f5dcd56a449a68d5e1182174be40e1b6787559935b1f98ecd26c,train
S-0256,11b8a8493bb461551706678c5b278fd29574b077318fc30df07c07627b729074,test
S-0257,f1ee790c9ff455c4eb1a4539603534331fa4b60a97ba4912d8701d22b1e7e4bc,train
S-0258,a4ffe9033b0d984286f7a0ba050cd541f65ca181e2843fb8510c5f857959631a,train
S-0259,5b5e304c12af2543a5107bd34f09db25c9cb672d3a370a903b60330359e76ebd,test
S-0260,9ebd24ef581d9a3606a8ff57beb195af99a79a4b3ec0680da19179e3f9ca3a24,train
S-0261,0b31b56c2ff21e30698ad5b9d577d80858fe83f996c5f8e57c9fec6ff8f5c73d,validation
S-0262,cc2b053c9937cb03e7b4ef74595d89bd362f25e0bc6b6b0b312a2f3bd7b1cc95,validation
S-0263,1f4527ed4dd08c54aa98710fc7f6d9de5c5d80fefbb034ec373aed9e60212aa0,test
S-0264,4cee9feb1abefb61131513ff09aa32833bbce8bb9396c16b68e95995ebf4b1a1,train
S-0265,167cc08f434b87521350378abf826c5bef5d4dbb07d4f904a00f7455e7047c35,train
S-0266,7f32f6dfb3f0b6fb8d9d4bbcecea45dc3f979115d6bf920a853368b73bcc104d,train
S-0267,1a59988cc55d385cf0aae2ea188eea07d15b4b3b3b21605bd94b70cca10417da,validation
S-0268,76b29e6bcb9a11a81bea0de626f12d17788c519c9c6465a518c9e5a892c72d21,validation
S-0269,777488ea6bbd29e415bdeb5bd61187b3d95928253bcc614ac7dd347f96749811,train
S-0270,cf092ba9d3ab89687a92381f8fd4349315e4f463e34c6af3608da5711e234f72,train
S-0271,00c27dd1e5a2ef5555d1e99f54c270530fc453e38ebf270e4a5cde80be2747eb,train
S-0272,8bd080cb663ce486493d45e80155190618c205843548cccf576474a1edac23fa,test
S-0273,8a6a0f1e9a831d2b6d598734fcf50c594023f70a7fc3ee02dad989b846a20078,train
S-0274,aac9c8f9acfb9515792bcd0165328a34893c10fa0378618d234757a381e3f0ef,train
S-0275,1ffe53dd4d414b86dc528a0691082b6a7b77f8fc4b3d46a1d419b9041b27a938,test
S-0276,3394a2430f4dcf671fde626def5034453d4cc303781f8b3f2a723426c352ecc7,train
S-0277,82d914f4fb7e66bbb6d34e575fb13bc7a9ad780a58efc835443bad494367b18a,train
S-0278,e4b520952a591dadebb6e8457628cf181ef464e245660ed3331a665a2aa7d54b,train
S-0279,238da825b8e2d5213a64dfaa6e0f68c1955cf59e89946e4afbbcf746fc08e88c,test
S-0280,fd75c9d010dcc3b2dfe2704cc536984067a7e12b64bafddf19063c9f02fa31aa,test
S-0281,f180f1fee82d84caecaae201a1a55181ae5f0f2ced4d6a070347240331acf2e8,validation
S-0282,e408259a5df7ecd7eaa0cc0eba595340423a018ba6991f056e010b0f0b9c061f,train
S-0283,17846e43365aa546e8bd2bab4817532627a10a3d1b0660b62cb3dc7fe55455fc,validation
S-0284,2470544fd5a839779b2b04cdabf9bceb41b5a6a958629742dede1f171c0a618b,train
S-0285,1d6639db4ed4280aeae1c2a2c379b7df9eb54e2cf1abcbcabd6a678408256c56,train
S-0286,a642f591440d7c0b5fb184b22d64085897ef4db296289d7dc98ba5df3fa61d58,train
S-0287,2ba14fcd644e33c381e2764e6d3248b2abe4d76e4401590957991b43ba0539a6,train
S-0288,d7b7171c2b058a9abf5bcef3f40de292ca2c3d962064ffaaa3c3670c39e01e34,train
S-0289,8eb18dc80b6519e85d79eb8be9b72233b9cfbb4a724685869abccbef997ec886,test
S-0290,c227e6acb468a4ac28bad88d81dce089b0bc6336bb421eff5eb1f3e6cf5c039f,train
S-0291,84e2acf2a9b382b6dced14880d5ae7ec7bf063045dc301e6f338f06464a13d3d,train
S-0292,0aec4a812039bc37e1defaf29c8f85d0a863cb4c044f08cd2a8a378e897af314,train
S-0293,fdf69cdd6ab4aa8e70a5c8981f98088732759c47a8ed449c8c268c0568bee6fa,train
S-0294,268ed11dc845d2db10188648b169e0659f28eb6a3f1f94cbd14c33a828be0fdd,train
S-0295,1ededcecb85fb79debe26df22a07e6b7b466c7541efcc8dbd7ef4d4e5b841675,train
S-0296,836d15c5afab6aeab932cc264069e4efdfb87174e291856e7ac92c9bc9fbb3a7,validation
S-0297,b2e197949889b132b755298eb44fa36a55020895ad57699f17f6c4de62e83735,train
S-0298,59557937c7112b2fa85abb838e518c626e564fbd7456e6f7c3a9d48ebaf88870,train
S-0299,8c606c10601c80b1f468c29a5fbc6e07ebf4e13b39fa5a8f77cdd58f5f09b699,train
S-0300,6c50f3db862e068b6ee256ff78adbe4e1ce24c893b78d567d56d263704cf03d8,train
S-0301,26a6526406c87ff04285ef9f28398960dde947a8f8fef09b79e14e34926dc1d8,train
S-0302,e53aa8418be640cb8e994c507daf9138966c160868c5c1cde8fcc62e4d2c6443,validation
S-0303,924ab5c3a9d5fe78f0d7306d433257820f2048cd094620b4c157edfa1fbb0a73,train
S-0304,f8c070031d802ce627d88deb08e6ba68e5c6bfc4292063d27ba1897cc2e84012,validation
S-0305,200e2f39febaf5d97fca390f0ae956f7d4567e5a699770c08083d69d4e62908e,train
S-0306,3375bcfea5ee6fb1e5f3fe7414fbfc967057e32be906e5a28a01594c383e0fca,train
S-0307,2bc012d13a79a87b167d2c883ac7ab0352d74743c45e5b1998a6de980f1343ac,train
S-0308,9c954e344f3f7d94d1fc4e3ce784ac86333ea142653c04fec080d932ea0f08b2,validation
S-0309,c2c115c572352258500a167bde52638056264aaf8251c572aecb750fe172cc5d,train
S-0310,ee56efb21952072d0c9669714c74f23ec259ae898ca83546a4a226bcee0e4983,train
S-0311,4ba68dffd6896e568ab68a351099d5924db464d8783feeb1a292bf6d5a6cd6f5,validation
S-0312,f363ef1e0a759793e3403f7ce1659f23e40c878d616f967fc3c8eb0d7df34934,train
S-0313,a59193e12ef5b2739316321c4bbf2578127865dcfa60d0791d918446fae6b2db,train
S-0314,3d70239b342859390f457d3858a766b7542f8fa8108f947c008fc3eb121b15f0,train
S-0315,e5caa36bf5f7037b1ed6692918817cd53759b140831fed5c680842782be6888d,train
S-0316,b0daacd35a4c6f74970d6a5842d1f2dd4aa7e1e2bf201db1858e220c4e9a5cc0,train
S-0317,3e555543719388c1e2ce4e61d0b0c02317ec0cb26f1c032589f4602abcf63512,validation
S-0318,5a89eea60c64935ca1b45f4e5db3be50d731aeaee5217468b9f008a07cb1bf32,validation
S-0319,3ea02f203686eff42f534e20959ade6e00f63df07d110a6d101d02d2fb23da6c,train
S-0320,9dc6426b78fee0b9be3007374299a83853f18d873f8388017164d28d5d6de21d,train
S-0321,9d568b4197f5becd79f68b7292e9b00945b378968cf7a73fe06780c9900fcbf6,train
S-0322,9c776abd5cf5ff5fb39c0886efd38ea8d82c8106dd9e22dbf8349bbc7a467838,train
S-0323,b95ad8dcdc4202a9106357c7d0baca5d477affc74e5f40e9c698a92c1ea12f85,train
S-0324,50be2aec9914c9d1a179f322e4d8dd367a121102899e850e276a229834b9de15,train
S-0325,b03d3f10c1765350f74bf94de776b56902412c7053eeea0e7073a81b9491a8e2,train
S-0326,6ef7cb7b413d8833e28bc44751b5ead147657bfa8e6c81195c6fae71bb4db993,train
S-0327,ca2b1fd69bcd1875d00bb03ff83e130a98968b3cd65feee7bd73a10f82edfec9,validation
S-0328,2b515aa88b51a5d9d0cf45913d9ad05f7a8f00e564dcb41efaf8b177e43c7787,validation
S-0329,5e7227661865ac8942dfc3d79babe06f89b344d0eac22029949204f3406bf971,validation
S-0330,c31000bf079e0a29d6f6be5a0f181c55d8a70f844a0c4df246005b1101d39c04,validation
S-0331,735536aa486f284325dee97b1845b066b02201641d11e98986e386b902f0e520,train
S-0332,c068a9fc8e698fe46ac7b061195860d9ec4d1a7e4f4388a9a85b81b0c77d92a0,train
S-0333,70af591e1718c52aea1ce9999adb0c0f48a034760a9283e3022667d40b86b521,train
S-0334,b2540590d552e1d0b9b07602d1588b71032b931008bc998c8ddbb152e8da3932,train
S-0335,f4d7c8c4fef3a877f357ef0206edf2cbb8e5f7d3923d8da9a14268b8eda19911,train
S-0336,2dee7345fe38abbe5321b45f216ed3e48b0e07689974959e1f007b16b4befeb4,train
S-0337,e1242bae4c62b4a85f4a1afd90c2c72be452af3ba9bf5dac2f077f99ab76e538,test
S-0338,80502f6d79e9067a3eebad2d790218339e680a52a967b34333a34f763c1c09e9,validation
S-0339,d0cd56dc0e7aecbecdf0ae18a41c632db97ccc6bc9a70844e5f18dcb9c0dd7be,train
S-0340,14c6cd46705567164530fd1654952639100e3f95fc7b4982c79643d594c61ac1,train
S-0341,4624ef79e108192bca52550aad01a076782e28ecf20d3a57ab225bcad3267171,train
S-0342,62d79c03087880fcb6c2d9e1b1064fcdb513dbc880ca6ece0a8b8940b21a4c22,validation
S-0343,e1ba3227e498640343c683344e9d38492db6a0b01b2b26bb8505b901a5c1e74b,test
S-0344,07d7aaf98ab936cd80c07069656bc9e11fe61a23c41e32a2b827b082e45922c6,train
S-0345,2d67bc1a992c70cbe7f1aadbdfb9e630483358cc00aef457c215d102b869897b,train
S-0346,f8598546e389dd9418eee5dcefaa7f60d35b1ffbf4dd27f8f84d6396f46d857f,train
S-0347,bb10ea37cf07025671216e256cb9dd39b5770513cb5635332c494a7a6d75b20b,train
S-0348,86f7f1f8d5bd750ab47307ff45a1fd14b24507f5cecbe1d08587df6b32456eba,validation
S-0349,03c1e5e77727cc7e2f37888acfc4127980cf679e39072f3afa91210f9d339e38,validation
S-0350,0232c293d6b29a3d722ae2b589027e5a2b82696c158b95077fc6fd2cdef0d60f,train
S-0351,8ddbbec5b2be4935a3d397698b76b304cda97cd6547749c71d008fe815e57ad6,test
S-0352,b822ed44ae26835b3eee4e2cfa2acde4e4c7edd02a1d6c32b153cc8335220ead,train
S-0353,27d393e213a8428884fe0d4182758cabbc1dd396d9cbf888b97becdfc61c7061,test
S-0354,f2ff8dc9242b80fcfa982eeda70502bc987c3ed8768eda0c913a3f9b1d590b26,train
S-0355,2044f5ac818a3a8e811b600c3182e41232108eaa48093ba4f7bf2c845e49e9a6,train
S-0356,5563422b2d58f16ff812a0856b4331e88101660939bfc0ea3a664eef0ec67abc,test
S-0357,280f2faa287712eab70002f37d93eb04b09bda740c13bfbe9a1cf1fe36faeafe,test
S-0358,09548f630d308712c5806b3494d0a5c6209329a71460604832d9c3c1194ac3e0,validation
S-0359,3dbdf2ef1157d32e53e45e1536646b54681cffa65beaa4d1757083e00f732cfa,train
S-0360,a7b9d4ffc1c579b28a5e8b40f150723078575cdbccc84e99389350d886a87a51,train
S-0361,83cb57974a855704f5a94d9f935fef921728fb8eaa64ea93c0db8f5e84fb6f53,train
S-0362,4b468d2735123445c6730e5e4f43cc843d915e7ab27af2017d2ce598c217534b,validation
S-0363,6205a8f192c3817165c4bc580f91455e6b308b218706825b01fe7daadcb5a84c,test
S-0364,a25efa8582c6e9d21aae813781d7729e030586d97d9dcc689c331f91d3a8b431,train
S-0365,427d13a74b887bffacf823326aaa66ab2328fc2f3d1bbf712a9921986884b822,validation
S-0366,3a073eb003eec2807bbe08d9239671180df5686c0f02e4e9dd63801e06cbc6cf,train
S-0367,2ec52a66e33d1044a47dae6beecc7c22a8348d857d98d3b28f543d3e55ee6186,train
S-0368,cd79e893a3ec5c41ad25e251f818c86c4909409e524023c937fc3405e2b5cb50,validation
S-0369,b4b7e977f65dadf632a7ae2dfec84145bd91b8281e3c9aed4c5da9d531122922,test
S-0370,ad3eedce16dab1753f03da09cc3a6a7f0ea92e0a5386645967e6e708a1c5b9b9,test
S-0371,df507312a6888b225cf54798212f1f0faa082c94d643e8354b270dc3e881198d,validation
S-0372,cfdcb87c46c107d3f0ae234f079afba5e6f7d8057e0e84098190a2f6ed6c721c,train
S-0373,024bb4dafc88903308c9006e13a83cd708c4b9c2ea1d647ef2e84adafb2b3df7,test
S-0374,017ce8318af723407401c7b488c5c9646d06a7107140bc66befe409f5817b2df,validation
S-0375,ccc7aab2d0ffbb80895aaa8fb5e93a4997ed085d5805422168ff36e90ca60644,train
S-0376,6a2cb31013d53493f6bb08a786f418adc4e8fefa9c998971bf0b1ce59118af2d,train
S-0377,8d5e4b5bc824411413c91b8af2e9cf5d8bb5dbb3564c679c5d3949261d868ad0,validation
S-0378,cfa74bcd621f07063895331f2119b8498ed61c4479a5df1e907c9af07fd58bb7,train
S-0379,bf3393af0d67dc8b1c15173a1587f416ff6e142911a35aac7979c1d0524c4fdc,train
S-0380,61f948530daab13e52d6414325f41cc4b3d2132dca9ec7b0928d79a459d5784d,validation
S-0381,98dfe6ebdfda08061ce0c5dfd60ef662180efa03ede3e97e7eb494b4cdb82861,train
S-0382,0ab2f954b793624c55203eb7c364f7639977471380177ff5cb274dc75592fe4a,train
S-0383,ae34c221fbf5a15ede5ca8fc549446826bd4e7160e2ebdd44f5033d06ec97bac,train
S-0384,e2f7df7d56be846f187fd401fbd8e0998f6ff56344986b4001a3c37fc4f0c5db,test
S-0385,bf3cc252dbe64d97eab783cb03fc7d0a52ce498e74ed04bb24c2349319210074,test
S-0386,453c31bffcb5430af28b639cf80879f2bd58bd215ec61288e5bbe69dc013c8e8,test
S-0387,1a19072a9eb18a68049d7784ce079099712005bd23658871b98fc2c3aa990710,validation
S-0388,53e61de0bdb13a99df7133ff3672f2fa1ef38e92fb1dc0360bea90bdad515a62,train
S-0389,77380e33523eb35ba7194f91df7d7ad84d71c9e6cf08256c5e52e756b2e2d21e,train
S-0390,0161e2e603a6132ef95b375aadb3cbf33e10deb490fa5785f426972fed0b6ddb,train
S-0391,2bcdb6c9bb250b9cb8b7add5e9ba7dfd38512f02cf99511d510fd0be63029a7a,test
S-0392,f47764c5116db6df7706f52a6101174da03f6dcd15bb39401244eea9904ecf64,train
S-0393,fbefeb02f31b0e8c62733cfb1c7355af058073b0c099eb0998d4c55d5b450e54,train
S-0394,05c35eb90a9706c31034b13e3a94bc6e8ffe09bda6c055859c2aa769abb25777,train
S-0395,2a1c33f8421f2520129ede32f2687fb290c34bdf21b73da7076aef0d95eb6579,train
S-0396,105d27f315e3419e72066135e26e7f55aba85c5879d51a75a5c091c63a19c2db,test
S-0397,41e0a4b39905bc1f41603825fb467a73b246e31fb30f1316ba6e858d9f8ef18a,train
S-0398,098dddf24794b98607b1fd007188bb02df35054e72f4b1ecea17b7a0326c57a2,train
S-0399,ecd1a51165b7cc5aec4e7e16683027be9ca2581c4a408e4f58db15ab812793f7,validation
S-0400,2b75e185b81d19ad1117fc898f79d01ed2fcce969137c50b0bd9ee69a334415b,train
S-0401,1afce0794c38b6358cec5c31e80066d1b56c3c8711db439aaacca87eb52acfed,train
S-0402,e34a6c18b70a8a7cba92f347f3b923473450ca2f4984e68a3dc998b52b80bbcd,train
S-0403,2b8c9961b8241d8c2c3906ef363f555e14e0882d08af3238cfd1745e8a1e8a09,train
S-0404,3f5e69983b9be0e24acfaf6cf98f8167c419945af697e9b13994e301c7accf00,test
S-0405,825c0f557acc589831ce1b36b12783a2d36947a85bad936651460060da567d49,train
S-0406,66e25bd791134e8b54c1bd2074133bfb4548b927e53bee525b6f7ea0696afd91,train
S-0407,bca2241a8598ebcc7dd0f97c8f89b49d05bb00e3191267d0fe80abc31d56bf5e,train
S-0408,dc033a0341743d96f5f509a80548fdaf7990a53ee6c3c90cd1793d957b530054,test
S-0409,3b7af039568acfe3bd5be037a17044cc6aeaf2a17fb2810d4b983dedaf4481ee,train
S-0410,123bc7772f41836a87078d747ab74f3dffd53a1bf505d7d981e9abfd427d1a1c,test
S-0411,a7f23b7c1ed41f2833aef032072942b50c2f3b036e08d527fb2be87018c78b8b,test
S-0412,cf3a30cd729bfcbfdacbb5abd2f94b393a8964d32f719ad98fc37c04bc444e4b,train
S-0413,85f92ce732a33f0c11e26a3bf451816ef7c0fc58768d705a4e698823e089bcc8,validation
S-0414,297ef90942bdc50d61d397a62533c6e67f39cd7892131fa69e1fec23a55d4466,train
S-0415,f93355559c25bc52df9f5423c3f6ec0163eceded386623f0e360320bc47ed466,test
S-0416,c1ec564d704a46bbe11602724f3472245fdcb252622ec1d02f9b1220a58f0fd5,test
S-0417,36983d24e37beb023ec136dce43ab90e2ce79da30e52a349460f9b324fb4d363,validation
S-0418,722175456c251c80f441f6c42e80b5b97e050dd46d1137f0a3582e0688e65cbf,train
S-0419,1a4844060158f3b4bec41cf8924f69d59c0b05a43251191dd17a08f9f1567bb5,train
S-0420,c7dd124c2ee44851a620d3bfe4a54667e3bb3340ecad690d7cd4de3a4a05fbff,train
S-0421,7efee3a9a1b39ea659fca722ba41fc356c43d2f4fc9e4a3ed51b65d443530ec7,train
S-0422,745128dac524066bab5c131bfffed5e3c6f17380177aa5f43ee848daa68b2ecc,train
S-0423,c43a8c7131dd24d05dc646c62c2ecc06f910ec6af9f69c12045004ea7e83eca3,test
S-0424,471d9c95c5054afd4bd56bcb6a4001897043d64c8bd562a87af0572c72c517b1,train
S-0425,32267c27e03ceef0f63fad9110990b9dba06ca34449dd7fa6960ab233c2d8b6b,train
S-0426,45b800896dafc54b4ec0a808e3b6f968f08ff49a6effeadbaff7b5a7d10c1012,train
S-0427,76f559fb718a969a0fbb104505c94e77a4aa53c426ddfb92b1456e281e641b27,train
S-0428,c083e5f5466cf214cc166ce5043ba27866e01fc3719568a1c5ef3d8bfdc25a36,train
S-0429,eb7a84264613a988589087686a27986c5bc9f1ad2c3af38fba5bc4b5343ba5a4,test
S-0430,d40d1393f76c2c32c9fe5ef0b5f51459058e2800f1c88fbe6d035c748ef7f5ff,train
S-0431,d6b0efce12ef226b6e6395284f53657277040478d1c44b9e27bd286040720c08,validation
S-0432,f9810e200bd1daa86f4bd7ced00c86ac27b8111d34daa07d309a00b2416dd435,train
S-0433,2421d766179aeb639c93fca505514e5a46dc2fd07342eef5e3b2c589e30ee428,train
S-0434,b6f552b4071dd692279738b33781f5855a0901774e6fd8f5d236c5d3fe393b86,train
S-0435,91a8bc4f74826a0440287e8b7a6154af899372271f35cf133790136613e75264,train
S-0436,225848eae2d5fcd84a287528caeeb37e73ce6bccbcfa9c8c723deb2c39ab0354,train
S-0437,8b1ce97de296f89a2246f8ed168165a1a4ec44f6b0f9f314a593620483a17404,train
S-0438,952bc847ee6b7f2c0420e805d099032fd9e52f740feb9946e914d69a138b13e6,train
S-0439,4d561b9327cab8f31eea4b7274a5bc6e323eb9d51189103e5c0cdbd43931ad2a,train
S-0440,a1e2982c58f0f0d250d4dded3354ef0edb3b4b985af689852ed0dda8cd737f73,train
S-0441,dfe1abb4a8610f924374312bac180fb4ddf2474bf68b505f81d6e951376e8dd5,train
S-0442,621fec9fffc11545d5b65525159124a2a29cd78d5161311923b2f64e301bb339,train
S-0443,6338b6d5af0e04cdc5dcb0350d85da955eb237a472ce7b28d236ac94e1e6180b,train
S-0444,3a786aab74e3f831ee6731f2e9f5c09c7b50ed1ebfd6d0aa054ca6b7b5f16aaa,train
S-0445,b9217a455395a92d0065b6264dbc8150b884c7f0804b9e0fcca638401492a371,validation
S-0446,fa5fd7744eb76d2c6907d8547c72f24034b3fbc42a4d224d6011f49c980ddeae,test
S-0447,1a880e6374ab0e741ace9edc4fb27a1419ce9d8fe0a59ec7825e44e35922c1bd,train
S-0448,f2c323e2de34e21054dc6efa300acc19a23812eb31ac61fb28d0c57cc68f8c0a,validation
S-0449,f0987d3cc3db7b54c95bab11f8e1b506b27074bd63148f0f55d0e9c00b1aade2,test
S-0450,eadedfe0c70662ee530714850e6df5bee68f2021946a6a2019f45509ea309f83,train
S-0451,4718e49cce6d46defdf2085823df78e4f2979f76a3ea085562fc2c42affcc8e8,train
S-0452,e7dd741a0206a3fb4f414592849b764d4c00583f20a19ee9c75b1fd3eabcfced,train
S-0453,d752477b4c38d8b66697d39b9c6417d6a09d3b657067681fb90c668bb059da66,validation
S-0454,dd65e52a009abaa5cc768ef473c4117881b1142b801a9f458ac69ee39fc05b74,train
S-0455,242af59bcb383727125b8f35acef48308fed1da2ccfb46c300150f9b6d7563bb,train
S-0456,52f132425352f2dde65b2da5225f355a67c94f1ea3293a3f6ed09fcaa3ef7bbf,test
S-0457,2a73a1a9abaecabbf4099973881e5de8697bb806a03d44877343f5205204c4a0,validation
S-0458,0f254cca6ee3b166976850631e5fd5e7674b65408a58ac0f17c62c6cc8e9f948,validation
S-0459,add56c8b11ff9111693d19df65ba5ac68319ec92bec37ef771277d33fc702261,train
S-0460,304e66af2076d75620e1e59d968043e75edef6b81952e55699d4a86cebdaa403,train
S-0461,0b9234fe0f3e64fd2557ed28b3246eddebb86b1b23f598674282754c78a999f9,test
S-0462,a94b09f1cdd6fa3fdb8ca46ce3fa9bb21d1a1847e33b5a3082b9d322cc564ab6,train
S-0463,6c747f93fae89ba0a9f924b10d690622e5cdd1571a03f61af76f569214fff9d8,test
S-0464,f850c2c1463e7d7b7d6a0e37c855e8adb90b95f77389a6ca7c83ab97622f94c6,test
S-0465,1b63ab3e2a73f0a64135cc578016c1affbd6bc664dfd938c8546e6ad1d9c7409,test
S-0466,84d609d550cf4baffc6aaf5068051db52d06ac42057e6c90b02941f48efd43e8,test
S-0467,123d5942bfde22554715169cfe69deaa16978987d21b1fcd54f7650823e90519,train
S-0468,9e694151a58abc83137d78f9384192d0e18816964cad03ac6bb442770d51c93b,train
S-0469,bb5882114033b6465c47fda9b839a7fb8db35a591b6f8a2dee9dac5dcbe87e7d,train
S-0470,eadb24c24aa6e437e37be330f9ed2e8d2678154aa20338aa01aac9d158b5f6c6,train
S-0471,b188276899736bcdbceb3b96bfddbe8dafa0e8fcbbeb084c11599a0d76906593,train
S-0472,ff31351564bfb856f70d146eb7489af96e8add0e5d6826f843f38faf34d785ab,test
S-0473,6e18a3e848f805aae15229795f969722dc8799c8bbc585e05f313f16da1b4a48,test
S-0474,f2da5680f1b318189786cd761178996591be8fd3511609ac2d3e31c2924b4232,train
S-0475,100f73a3b53e4a612e0d2ee7d95d39d28f4c405f328b5ec0198c7d949f3a4465,train
S-0476,71b206fbaac5e278f7f7f931f23c3d6ccfcd6398c73aa2580cbc9da53a1a3d90,validation
S-0477,2355568ef684d353824f95b5fb92cdb3f2e9bacf1e55b0cec8462c8e689d8098,validation
S-0478,ebe6465101ebe3f44649ee7c8ac6444aac219501e5686a89b669cf45de77f869,test
S-0479,b01e4ae1dbb0b9d980b7386e188c8a12b8cd1e55454b25674b9607f7c52c4e83,train
S-0480,d85e1c503d782c384ee0c296aeddd7bd4c3500271e9c41c1ab936dc390ee8a45,train
S-0481,2fc9f263f5b72b2bd266098cee785eb7741d1eeb26999c509c1d9e3884684427,test
S-0482,de4e739efe712ad8bb41d696a42e0a5ab989bf5d1d82941f568db1d6bec867f2,test
S-0483,b293230773b5b2656e55ce90399e5815bc4f2aa95683bec27da2fae5ddb4826a,train
S-0484,17c072f2482303e9f1bab06c459fc63258076e64a9962911ef22280a0b17fba7,validation
S-0485,78d4f8351012635fffa0692183c9e3114aa145b023c2d14bd9a143ff2ff13ccf,train
S-0486,6b8eefb99fb95d74a2b82b178bd68740098431a914cace7e5acea45d813d1977,train
S-0487,4b08e395e6f9fcc7f3a9d3e3514c705af32e8e763ed304f7b6cba4bc641cfa36,train
S-0488,6f70cef409c9d001d89b1041ce6874673b86a36672d4e9838e56838365686793,test
S-0489,73659e07d521d0c3864e225f1879bc8f529404e68d763e57596836eb740b8d91,train
S-0490,e11f2764bae81129867dee8faabe3ea1c282b29b9186f12d46f47ad0fd0eeddd,validation
S-0491,b1e3550947ff1cf740bfeede2015bb5048a0395eb5292b7737fd2e13636753c7,train
S-0492,1cc3c018f2ffbf3302f149aeb16496faba6c49a7c43f4db4ed775cc274fc18f9,train
S-0493,7f07edaa36abd819c8affb27031a112caf5210646b87238e2e121a1fe705d175,validation
S-0494,912ba6091a7c9761ce288a746b84b1b88772d776f6ea1465f12f71c17917a682,train
S-0495,33347425e75d9f7e3bb972b97132ad7b6b030db241661b71df4334ed041b0ee6,test
S-0496,314aa48473c93bb1f6c21b2ce60f597545a55251b3257b4e6df214b4966edf6c,test
S-0497,37c4158e2ec5387790178564ad59dc4fe5f1fa41c9f55848323beaa32a58822b,train
S-0498,40985194edf171bcccbc54afaeedb66b073f7449c1e0e9eac87f51e0ec6ae5d4,train
S-0499,9f68f592fffbc1a6a3e1d25fb734104a05cd4c40ca50a7cd15f1e4f5f06a2332,train
S-0500,8eb18dc80b6519e85d79eb8be9b72233b9cfbb4a724685869abccbef997ec886,test
S-0501,456d5ff3215c4d201f131308a7ca61a745a4461e7a25716ace423a368917fcdc,validation
S-0502,b65449e15fb4ecf0327986f6a45fed2f977d36daf62dabf62f69e9e62b2d903f,train
S-0503,f315ce8f41d458f3da97df2392e0b6a001fd583b0cf6060ad234cee37986be73,test
S-0504,cc84cb212f39c40f67951ed6fc104535575eb1e32370190f14168262c59f7375,test
S-0505,7093f7e1b3ec57cdb4a330279b11901a516e56cd0b77e00da08e2a6b758fcb4a,train
S-0506,5a23a6a471b75993c4e4a3d71163544b91bcf3523533f894f055b7f90dfb3e3c,train
S-0507,3845b50694be1a3eb43f90d99328f67e9478d8bcb2e13678819c64cb5a1485ed,train
S-0508,cebb7307a5b7f3576168ad56973e4a79f0b04650446a4891e22b9e27da6befe9,train
S-0509,5d80a5c3b85f38cc4756e9ab5c85eb991c3ba2c2eb2fde68d88198aea23bf02a,validation
S-0510,d25dc6502c36d342f5f2765378528b468a0dcb560bde0740a2c591a1d5d01888,test
S-0511,60b833e40d183391e278937d3f0e24fe635a9b49195bbbbdf9f447848f4f4b93,train
S-0512,7b6a9908e026e177ec5f3747f6e5af2e281afb78af16433c92ff9c371bc89613,train
S-0513,4395e9067f30d3dd5ad865ca2d38b65f72791661b8621612b47f77064aac0847,train
S-0514,159fb1cb4d15dd9ca8e77ac30afd96cc94f57d13a560ebdb2f9af1348c34b37a,test
S-0515,74eaf298719a0b0fb2e4c7d7f5237c21893c2520e476813bf1ef87cf86c42661,train
S-0516,d15a0760a82d138e2ad2021051e2ab11be0314fce19a21d08f3a655ac2064234,test
S-0517,25ad980ad37d3627bb8abac48812c2d7edefc8e9cf8c02d6d3c17bea934348a4,train
S-0518,d52d5f6c8caf8840712a223b86c99b7b3a2d9938a6cf1bb798808f5ae7b70075,train
S-0519,db6bdb05d550642d1257949ab9a39e303f1f860888bab0bcfafd58308392e3a0,test
S-0520,0b077f73166fe6782a1723e958c4c06351fab7a850300c3507aba17993d56f86,train
S-0521,3cb5e6f6c700cc11a4ce06a09f69aa98a7ce2c26acfdff69e44d7765d41d301e,train
S-0522,248279ffed057e81d02e40bb3a6f26ef6cf2920a22c3b81102d9cabf4468a584,train
S-0523,c9999e5d7e9d831f10112e6798872417807bef9bdd2e3f8024e65cd294bea46f,train
S-0524,c9b9dec3a1f70cddecd136734d90ffaf224e51ceb00e383235526200e86f716a,validation
S-0525,f3e66c43f6f82a684c3570fdb1f565af641aa2c5bb90999af5fbfa8d3e888fae,train
S-0526,398a99768428639586129726e899f2281ecba6c711d4b5b98fecc56dba89856b,validation
S-0527,64f02bdd74d5337c206dedd4754bc16698976f665966c51ce29063c19285a00b,train
S-0528,a3a5d3b30b1397be35d03a3497d12f5a68aabdde1c005ceb339140e5a8a1a35c,validation
S-0529,97ac14d2b6477e646becedbc34b8cdc6736fac84a09921248c070ad01cb23fb8,train
S-0530,81d6b0e0eedda8b3ea8d654087576e02706f146088ba820055147d23da947d28,validation
S-0531,785ee2cac46a34d54e9503ee7654216ae92405cce950ea11ab6e012b17a7dbb6,train
S-0532,d8a3bde8c378cb92808d2f80dae047f308c264331ea007c9889d1f5a776d60c6,train
S-0533,d04df0b24cd79c9b9a0fc05f6ef6c7c9ae26bb879c61b5a9d1c6784897df0cee,validation
S-0534,81403cd95a26036d79761e3d426a4207cced5342b27060654b5a7ff22f9a8205,validation
S-0535,13819b3a949c33a7cbe6cd05bc9d85b17eaebb6429d6c3dac693ed7470f5a6e3,validation
S-0536,63dbebcf9906e40c3b0f32525bbabd2990b66189827f887e072fc1c76613b162,validation
S-0537,4ea6585ee901f018eb8cb77c7fbea5d61ec2fdb6b1bff230a9d59f48939faec3,train
S-0538,e679c57604ede0a333d4122b78c106417d9ab21fed51cbfbaaba3eb33d00dc12,train
S-0539,ac13d4a161dc74fc433a8f37dbb3dca81dfb040656c8dc717f7e9b854c16e35d,train
S-0540,a67725c335be889d3207040460fd1d02a8a9f9bcb8be18a3213fe348246373a3,train
S-0541,34ec703ea3bc5db3399415ceb45068b2dc15111b8098064e0e67c564e8167ecc,train
S-0542,484f17e26f4a429e8f6db238631d171bc898632550854ff1d24ebfff402cb62e,test
S-0543,e29e0f89bcce8c571d82464afd4fd310d9822950a37537844a4f65fc4aebd2ae,train
S-0544,8ee24771e47987c7be8a45f03856b06aa5b6ce6985cb666eb358b86e530a287a,test
S-0545,ab10e7d877aebe0778e2e8cf767d99c3be6fe84ac2593495e18be942ef03be1f,train
S-0546,1084bad1fac27bbe9f91decad50b7fb8894c42f78e1e1fe18f12eb5e65ed4464,test
S-0547,44a83a2d50477dd5f1284d62795d8a63f7a54a7b3d8421fe9aac2468aacf3172,train
S-0548,90dd051851190646725d571a759d5a8eff170374435d839f1be8c1cf28f4cf59,train
S-0549,47d50c771857a258b10214f1b4d7fd36e55d946da96287938b8a4ec14b1cf758,train
S-0550,b57415d97d313006df91f4f690311e401d5c2af2622cc9f0b7778c429580c4ca,train
S-0551,c018437ed616f81a18ce896d50a617373f10000cd5cca207c6a0a74e29342c14,train
S-0552,2ff29adc6f044efe3315d1eb278e28ff9dac346ed66e0e828c06440c4a80ea9b,test
S-0553,afd3e86a2e1fbc77bd375428c049e76c4f53e37cf10b2c8ebab33a4600dffc56,test
S-0554,be9a4d5b01895df2ca82f7d69a21ae8076df34140eda83b83688eba4a1a8e369,train
S-0555,93f1333c1119f927d40460cc889a73651d5bda2e0906f22cbc5359cfb14c356b,train
S-0556,dd33473c8563cc6165cab2f4d62afe4e70e854281ca32bf6718b34c6785dc086,test
S-0557,17255028ad79c5557a5c7232bc9a25f5b03ec464952b0e9885399d358ea384a2,validation
S-0558,a3d00db89da8c3969d6bbd96b8da6080b7ff37f5397c58b90dd29d9e008140cb,train
S-0559,07ff7c81235cfa4e7068f19804e2069354d0f1db5611fe00df48e839af9492c0,train
S-0560,60b40ba74921305babd0a41734535403ed4e91f47c8ffbf9286dc8f8e7659730,validation
S-0561,bfd79f6798fd9617d8ab5ea11b02c11fc691392fe19f256537e02482910f7bfc,validation
S-0562,17dc23f0189d4fb70b352fd09086ea6d0604f6541be9d2dd2fdbd351fd87933d,test
S-0563,5165caa40f1ffbeef4e0186f87b873c765236983debfdb81c8232239fece2cb7,train
S-0564,54b0d2b965eaf7d1b98e6c5864abf39bab9785b5e7fcc47f47c677d286cb4873,validation
S-0565,f3e74c96162fe8ef683fc3fb6273eb7c4a5c1ea92eabb0cf62594eb44a9f3cd8,train
S-0566,8c35ff964fa62b34689b6de23155e48b7945efe27dd1be8063d4a14dfc9544e9,test
S-0567,593afe5a0549620d6b5cbad676913e1b507d651f50214623baff2efb8aa7ea3b,train
S-0568,63d6ae4e60fa7b4d11dcf24e876b631e2db7ee9ffaaab26b0aa3fe2ccbdc5990,train
S-0569,272e65b9389f5070bbd7e3fa8476374d8527e56863b5b0a95218646051618b97,train
S-0570,87a162e5e2676eaf55f64a93db8a0c0352e2d14aab93a9f77cb5c7b10356e8ad,train
S-0571,87a162e5e2676eaf55f64a93db8a0c0352e2d14aab93a9f77cb5c7b10356e8ad,train
S-0572,272e65b9389f5070bbd7e3fa8476374d8527e56863b5b0a95218646051618b97,train
S-0573,946f0304ef2dc44060d1a50bfec591e522d9f8f64e6875c6830a388f1d904887,validation
S-0574,226866a578643a193619de1d206888f010d265755b92e08053120c7d7ac4d8cb,train
S-0575,d51636bf74ae5be53b17ca6327e3475251ef4e392cbcfbddce9279bd18c963ca,train
S-0576,dd4693a221cb10c8efdadb618e241504f4ea59e63aec6aee371bb1689e532e1d,train
S-0577,121dce4736f64b1b71cb6a8af07a40679f46327583771f5446ebdb43ed744dca,validation
S-0578,d2f0295f591e519a51b10e193d0d90435e9e086087d5bee492147324830f090b,test
S-0579,4e2f64a253c133472b6353bb33c5d8897db715438d4cfe7382bb7d4d75737300,train
S-0580,aa15a2f2866d21cddf68a556c5a7a327ea637459b11224ec9318f812500330a9,train
S-0581,0519ef6036597695a8303748dfbbf9dbc7a475d1dfdfdcc7193abf7308d4213b,validation
S-0582,968bf25edce2fbf4d897cd0425825313e7b7beb2b8912c57139902c462057af8,train
S-0583,84da269651f7fae8f6742e1f80c022f6e328d5e2605724c5fe1ab4a9e57e09bc,train
S-0584,3c52396a58806302808f9c34dcc309baf55f40739e93ae406595cd834cbc1c82,validation
S-0585,41e0a4b39905bc1f41603825fb467a73b246e31fb30f1316ba6e858d9f8ef18a,train
S-0586,5c4f3f3e1c1297a007a59c87764fd289bcd9877a1c09032657043a998db530c8,validation
S-0587,35b5619aef9072375b330069538e837667a3054638ec1abef3736c3326df881d,train
S-0588,99ab51d82e41b0eb0e23e1186dd9bcbbd5e570d79f75d6f12b9a4de8fcc60487,train
S-0589,548d9453b559baeff1f75059ce4783178f05517d776c656f52698727012b1567,test
S-0590,041e1d4067a683a6a15f48765819488076cd100a7191dbf4d2f36d3ab386b94e,train
S-0591,e1fe01538243fbbb461727fbb6c62b044e94c7647f5b2828249326cc6e8a7f96,train
S-0592,7efb062f4ad62e6e0a004abed27dbfaf47020756ea4ba151db4f7dc2a1b144f9,validation
S-0593,019d8f473c34246222e24b2c13520fd4cfde5ddc3a1c1e80220cf4759e982ba3,train
S-0594,16e46269b2ba22ea0f14d0c2aee88fba1f8a403476206a0f2c0fa169236277ef,test
S-0595,0170d84119c946e4f49b6eded54adbd625b1d61ffdfb6226d561e55c05a9f460,test
S-0596,9c39eb285d16b4c1444271efd253c2aa2740a34a6e16f346ef6ecf2acb2f39fc,test
S-0597,78fa89007e0aa5f25cebf29cd5f6f99f394b8b8b36db70f6917b024de9bc900c,train
S-0598,09668b418e74451d5be6ce70496260280d330bd89316494e5ed926c66a8d03de,train
S-0599,95c00992785c33f236fa5b0549667f23c44791eb84c574e3c50e5cc2d233ed17,train
S-0600,7721ba1acd0d457a24d9d469606ababcad6aef7f31ba7a2f8b71dc28741dc0f4,train
S-0601,9ba2bcf376c5c22bd26b2e80a1042ea2382f19769576af53a1b5795abd6c7b5a,train
S-0602,74988459d6f305e38ca8cacd9a41c3060ec09bb56698da772f024ecb39f916b3,train
S-0603,f5048012200f8d43217a07fb97c980609bd6ba21d925f1a623c3972e7f73349f,train
S-0604,8c59fa55feba068f5f0dde6336d9bf529a1618b2d97d5f2005e2cdcb93f2f6ff,train
S-0605,9710bb55caa07aa70ee921e997fa010b222028e92c0327129222f699f1af874d,train
S-0606,8f260b86c50ee8730cf62d82834c05a00dd2b615b041447e8557742ca4d1285c,validation
S-0607,b4267544f15f187857adee6c58f50f03d97705b97f3d84cc9f355e08cac7e2f6,test
S-0608,7d6ba844b6341ba98fc961852615965ac4969eaeddcb560beb08d7e6d8868577,train
S-0609,1a85d2b70202d20d5c0170c26c4c9462e74e29a9a3fde28a07ed319842515700,validation
S-0610,c320df61598fd97657d8540224dd647d24c67d6977b11857e7dc7d985096e913,train
S-0611,1c2acfc93ce150c623895c5754b01cf8fd90118eab06df368b8adb2650404526,train
S-0612,af8719a52a45ff6186d101d8cfe45196c533aa19839b756b5a44914fbc88ea9a,train
S-0613,a28d1c004484042b8b6367ea0b0bf3a6f8749657d290d311d6ff0c38570db386,test
S-0614,15a73da5ec5a2195c0acd81cff5d88e73c4a76fbd197e1d529eb30abc02c95db,test
S-0615,fb4726c66c4495d16fa0375832a309e5123f1fc0068d3d4c5dcce08034305b67,train
S-0616,1173699f779da3253f59d0db2e65b15c8f5e0f66b07498cee50e80561ea0ebb3,train
S-0617,ff3d9a9aa28729753ce13b2223f005917d9e89f98a9c68d8269a09bf301c329a,train
S-0618,255c4ab952907ed7baa9e585fb2b718ec61c266349cc8bf2691cb434111a7ee2,test
S-0619,e897f7fe90ec348ff6b9284af7066f061bbd3e7249bd0d6f6e6938e7a55b2205,train
S-0620,c7eecf554583202678c90521a0798aa0d2fbc885776a382ecd422dc97e1b07da,validation
S-0621,451856e89c8f93e83cf21928355d18a01e2c20d62ee8fa8bb0753bbd4fb670f8,train
S-0622,8f260b86c50ee8730cf62d82834c05a00dd2b615b041447e8557742ca4d1285c,validation
S-0623,451856e89c8f93e83cf21928355d18a01e2c20d62ee8fa8bb0753bbd4fb670f8,train
S-0624,54b8785f1badc27ccee2b030045fd8148f21c7fbf70ef78b4ab44d0534bc58ab,train
S-0625,df8992596a5e9bcc7059714dad49fbc92359baae4115370bb3a438e802769f03,train
S-0626,b4ba268569332d717cdd20d7588edf3e8e3ed8b93eca15f91b23c47edc834944,train
S-0627,475c3bea91bc83fa976873e3151d535aa0d9d0a98d7de19ea64d8dad89c124d9,train
S-0628,2b3c76351c0bd903708eb3fa1da70a3351a0c054fcf0777339bd713b0d167381,test
S-0629,9f9386a6cc2ee490d1604772e9177d9dcd97b79183daa2dad62f0bd582f55c24,train
S-0630,25a27aed085df8e67fec4a977d6d473980920382ebe87503438577ee48a86555,validation
S-0631,8f1bd1ff851425ab7f2101e4fd7eaf4e12da16d1e26038bdf2ba70e459b59b42,train
S-0632,1d8b626d2c53220aeb99044a721d45b59e355c925ee20dfb3c776c3c74ed8bed,train
S-0633,18a2a758931a0eb6074331e33d57b221c9f99212852170279d6ed32a4d45a5d7,validation
S-0634,4bfc6bf1a4378bcd036273e83c0077fa43da6cfac67b830b26002da6a8cde0ca,train
S-0635,d0f5f2528ea48ad2109ba143abcfcf386dbe294bda715f6ad3a95ecd7434ba11,train
S-0636,07247191f188cf77f14e1d52d446608daf44704e85eff1b9df617ceab24bdfce,train
S-0637,aca6e2cc7e66341f4cdbe6a29e72f0da30dafe53ccec12dd0bea980b7244a06e,train
S-0638,d93efe60da733a2f05306989d3ed9044cfeaeba6d6525a2e447973e8cc6702e5,train
S-0639,fe2b903f62894b0b4d2cc0fefc28d9dd8924319956ad8c9fe2489d20083bb9a3,train
S-0640,71aeece013d4b9c7dd0aa6d077f987d0a0de70ba1b376bd9c40269e600381981,test
S-0641,35d571450e529f8f1e9052dc6c838a24c84bea507935678328dbd2a4fcb16b65,test
S-0642,5c0c1ac01303896a904f93632e88bb8076dd3a1aea5f6e76fc80fdb07ab9b61e,train
S-0643,ecc59331305d5d9f4078ff275d9c57c23cb39937a608669bcb446185badde0bb,train
S-0644,fb6dba705fcde0c63589556e65280012db425227ae78a96deb1757b2fdaf6156,validation
S-0645,1c85caaf076bd2370022f6ece9c5389658acf3e87c2d863735c348f9cf83a6bc,validation
S-0646,9025df33b42f1859ce4013cff877de6ff38a01c0e9bcae2b415f96084b621f74,train
S-0647,6d81f7c3eb24c76f74dac5a1f2e0ca14ebdbf0aaae523ecce1ee6785661f50c1,train
S-0648,13d00401f4fb964a55532dd5fe6131f32563ba200b0fa2495941a0b6a70e5691,train
S-0649,d4da1b2dbf21491a8c471cbcfcaac06320eb799e80a1a6fb22599a0881ec1388,train
S-0650,b897c3963e5eec00851c050197b7921cf1aac4a71ec5874216511acecfba66b1,train
S-0651,8f0dbf4e70286791ed23e8cca85c0944441e818b057fd48aae59ed58b4e52fbc,test
S-0652,283a22465db06028df16112c6bd1c20025cc69c870a85cb2676635310442eff2,train
S-0653,8bccd903ecb5779f15751dc56524f699c884814c7e890e7771e5ae1d3d58acbd,validation
S-0654,1e4cff045bf873e62fdfbfb6419b7d403d30235e81b4b4ba644eee80a43c4d68,train
S-0655,fb8ea0e9c253425be7b77b638288cfac236c22ef1ad5f0e5876d2bb016e03467,validation
S-0656,6c149f890fd4fa0d5cf94ea6b8019ed87eef59b1927fd21e96e92839ff9eb4ce,test
S-0657,b355f61cf25fe5aa2a9c73f788c10e4deb5cbbf30cd89c1c53243a38a932485b,test
S-0658,658c49df0f2f83a52d1378274ce7aabee42b75531887209c93465a68aa2db0f9,validation
S-0659,e5925d5800825403a4154db10a4b51ae0e90c61c386be2c3cb23d872db4673b7,train
S-0660,961894b0565e7d771264390db2dcb4d3e1a1e504536934f70380cce4914728a2,train
S-0661,9250b317b48f26ec93d8fdaa6a9c6f94741d0f94c1d527b6b87f705cda75b1ce,validation
S-0662,81a567cd6e2940f451f0b0c2c9e42430c9ed75f874fd11c3f5f63b51c4d6523a,validation
S-0663,13df903121ce99994ccf3366c5c371a5760a0dbe636330f859b0f61cdd152344,test
S-0664,a325049cd234962938ab8af9871f0f185b194bc32f3851f7ee30d9ea24be1bd7,validation
S-0665,40ac33475d5211f79a871c2808aeec0014934786cb9a60081bc8a154d297ca60,validation
S-0666,80e1479775d24c6140abbde86efa2c1177496352121bc2fdd4045085199bce8a,train
S-0667,959c0885a9e7373048208080bb00a6183c95060fe70f47a0d2cf8752ffe3d8dd,validation
S-0668,82a08b2b4a2b63ded978af524399b94e319e717ffe8bb90188f80b64107f94a4,train
S-0669,e546b3c01424596344e11329db6ade14905e06eca50ab42ef221912e57f1831d,test
S-0670,4f92fbdd0dc796d8e82b16ad3663c067b9eaf629ed801ecf2e0e6694567c3a90,test
S-0671,53b28cc52588db042c0901f204f7219e8bf6da1e74652e1cd1a766fc432fdc02,validation
S-0672,085ec87530e3042cc2444d7a85c0d9b45fb531a35c587cecc21a3b7607548c05,validation
S-0673,844f3e870150bb9a57355ff75d242042d488c2ef970dcd70d8d03deced16a9e7,train
S-0674,0f3c70af13296349d54f66cbf55ce71c3d53dd00510a782fa5ec619d3f3ae043,train
S-0675,e219e2b288a72231ed9efa45e61d347558c70fdee0a8e372a4c4aebeb865d10d,train
S-0676,8bc8e51d005d351b1daa0aa94e21df67905d0f416d6aacdd1b13031e4219d551,train
S-0677,28391a28eeda15de56b752f6f1a608f30dcc6766a8e62a18fed9d7570a88546d,validation
S-0678,fa4d8f013e4f6981f035718a0dbf5727cc28b411a7fbb034d82f042f7e056b98,validation
S-0679,4ada4d6bab70199f9a37dace86323dc826e2f7f821e586364fba44cf363c2532,train
S-0680,0f2ac431b90a1cb288e3f69efa5812cfb417261d4e96999558acf0c229e6cfe0,train
S-0681,ab8e091c0b4c3c09fa5139a0aaefc391a33db61c1e0fe292f3b339115b5a0a32,validation
S-0682,244549218ecfe600f68abac06d0ff64149eaa81006de1f40faac0c5bb240f6b8,test
S-0683,4242f7b719b8c556ab26ace8dbedb9123213f0a26924e5daa98cdf62b6cdb631,train
S-0684,6fc60ba352bc6b2cf44ae1e03f64a6a673932159b9f966767f0c5253023fc45f,validation
S-0685,239eaef10c363eea078eb15c0c8bc358b9a0b10a89f267534514968c2bfe0692,train
S-0686,0fb55beaee8d92acdb33383e262e39ad938bd269ec23c5cba4023d5523c35e81,train
S-0687,154f1d69bf74d20f4d40ee447851b05090674c69a89a4dcb9fc44f8e254fa2ed,train
S-0688,04d5eb68392a59d733ae66ec5ae4254c50ca69ac8462876c21426eab10a24bc4,validation
S-0689,815bd18ff3e352519ed14491686394fc33b384af7ca77f89954bdfd01b49a5f9,train
S-0690,1d421416a6e865fbc3dfdfdb6b86ba735dd5c1e84e24f6f09c34b52dc997134c,validation
S-0691,8eef2fe7e2aa0fc6a749796a703593bd392ef31ebe913ab47acabeecfe6c3677,train
S-0692,3a5421506f511f9ad3d37500f702635181c53771c8e9495438b9f183ca04fe9e,train
S-0693,c3efe4c80200bd1a425ef5342efab5f69f16fccbc53f29dd9852488fee5d351c,train
S-0694,f62e71f4fad330a39db716e65229169506865f661772c9a464e71218675ff1df,train
S-0695,2eb6cb8bf13f9418ab87a01b02da4acf985fe90742c2fdc2202bf3ed51e0c6c3,test
S-0696,abf30bd86d87ca374dbc5493a3502a6c11d101fee1b6f5300f8297c12ac46065,validation
S-0697,f5b24fc30928050e3a00c24551585db24c125d497e293f9f8edc601e6e1698f4,train
S-0698,4474c65d85afcaaec01f0930a3e36085579d2623a8448763bc3e8993b2e4afde,train
S-0699,708ee145b4c54a1e658fbcb08deaa01e2c8e6eb773c06882b58e5e437489bff6,train
S-0700,3c65f13f320623f246f526f538929e129d57a21cf5cdba660fb703d9bae1a1da,test
S-0701,d6af54fc76ba5ab8267a07ee32aa42d5e25b5a91eb9b68e068b234d788674a5d,validation
S-0702,0b859ed5d91b5cfa9bef79812f2baf7dbb324290172de83a17abce7a3539b3a1,train
S-0703,595b42bfc1420b5d11dcd05c7551f2a4c586b2456861d6999a3a85470eefb945,validation
S-0704,eb58783a59caa0f3baec07489dc78488b1d3a3fa537bd501b29e1eb0a024ea16,test
S-0705,5bd24a218799a9dcc82d15651a0076a07277f2005e7cdaa0ee84f0012055afb1,train
S-0706,8c0c4f9f4e1b10a3ad6303cb3bb19d665b10b3574e61f485c0cae99e47658b99,train
S-0707,c2a25eac436d828877c3b4eefa843d98c57d4ea0efd0b3829b573d096bfe3a59,train
S-0708,11653b05ab6f5cd2c7f1f0c2267b104f9326a10607945b491c758487d00d6b40,test
S-0709,59d978a6c856bfbb1545b149f389fa1d3a1fddf1c3d17b377659b2e234296743,test
S-0710,836183ab8873e78c4e51a096d40b338c60c7e15e4f5be2d258f3014d9d39ac34,train
S-0711,7ec8ae0c846c543e70bd22abdcd5ce215f69faab3e6fb34d43201d707366d46d,train
S-0712,364c7684118df5121a652ce1f86f42720cdedeac2cb144444c8697a2c4dc56f3,train
S-0713,86a77602fcd5f39bbe26495a605ae3efa875a4312cf0d554169fd3e21488a5a8,validation
S-0714,74526e45059c933b3352231bd1ca4bd3bdc279c3f6826fa9433ae2edbd8b3fb1,train
S-0715,60e3d38112b085d9b7dcd56bd7f4411030984066fde0b4135a09071219b22e4a,train
S-0716,d41b62ce5f045982f8910bbb1ac7fa222f33b178c162da605d74f1cf82971fa1,validation
S-0717,9afdd1f886aab3c4908b54c8756ce4ec4631dcf9233d2c83cf7aac9573193f1b,validation
