query_id,language,group,question,filters_json
p-001,en,single_class,Can you find clips where I can hear birds?,"{""classes_all"": [""birds""]}"
p-002,en,single_class,Show me recordings with a dog barking or howling.,"{""classes_all"": [""dog_barkings_and_howlings""]}"
p-003,en,single_class,Any audio of a train around?,"{""classes_all"": [""train""]}"
p-004,en,single_class,I need sounds with sirens or alarms.,"{""classes_all"": [""sirens_and_alarms""]}"
p-005,en,single_class,Got any clip with ppl talking?,"{""classes_all"": [""voices""]}"
p-006,vi,single_class,Tìm giúp mình mấy bản có tiếng ve dế với.,"{""classes_all"": [""cicadas_and_crickets""]}"
p-007,vi,single_class,Có đoạn nào nghe tiếng chuông ko?,"{""classes_all"": [""bells""]}"
p-008,vi,single_class,Cho tôi file có tiếng kính vỡ.,"{""classes_all"": [""glass_breaking""]}"
p-009,vi,single_class,Mình muốn nghe âm thanh máy hút bụi hoặc quạt.,"{""classes_all"": [""vacuum_cleaner_fan_hairdryer""]}"
p-010,vi,single_class,Kiếm bản ghi có tiếng mèo đánh nhau hay kêu rên.,"{""classes_all"": [""cat_fights_and_moans""]}"
p-011,en,multi_class,Find audio containing both music and voices.,"{""classes_all"": [""music"", ""voices""]}"
p-012,en,multi_class,Where do birds and a lawn mower show up together?,"{""classes_all"": [""birds"", ""lawn_mower_brush_cutter_olive_shaker""]}"
p-013,en,multi_class,I want clips with an idling vehicle plus a horn.,"{""classes_all"": [""vehicle_idling"", ""horn""]}"
p-014,en,multi_class,Show recordings that have aircraft propellers and voices.,"{""classes_all"": [""propeller_aircrafts"", ""voices""]}"
p-015,en,multi_class,Any sound file with workshop noise and a passing car?,"{""classes_all"": [""workshop"", ""vehicle_pass_by""]}"
p-016,vi,multi_class,Tìm đoạn vừa có tiếng gà vừa có tiếng chó sủa.,"{""classes_all"": [""chicken_coop"", ""dog_barkings_and_howlings""]}"
p-017,vi,multi_class,Có bản nào nghe cả tàu hỏa lẫn còi xe không?,"{""classes_all"": [""train"", ""horn""]}"
p-018,vi,multi_class,Cho mình tiếng chim với nhạc trong cùng một bản.,"{""classes_all"": [""birds"", ""music""]}"
p-019,vi,multi_class,Kiếm audio có máy bay phản lực và còi báo động.,"{""classes_all"": [""jet_aircrafts"", ""sirens_and_alarms""]}"
p-020,vi,multi_class,Đoạn nào có tiếng xe chạy qua kèm tiếng người nói?,"{""classes_all"": [""vehicle_pass_by"", ""voices""]}"
p-021,en,temporal,Find clips where birds happen before the horn.,"{""temporal"": {""predicate"": ""before"", ""a"": ""birds"", ""b"": ""horn"", ""tolerance_s"": 0.0}}"
p-022,en,temporal,Was there music after the glass broke?,"{""temporal"": {""predicate"": ""after"", ""a"": ""music"", ""b"": ""glass_breaking"", ""tolerance_s"": 0.0}}"
p-023,en,temporal,Show me speech overlapping a passing vehicle.,"{""temporal"": {""predicate"": ""overlaps"", ""a"": ""voices"", ""b"": ""vehicle_pass_by"", ""tolerance_s"": 0.0}}"
p-024,en,temporal,Which recordings have bells entirely during music?,"{""temporal"": {""predicate"": ""within"", ""a"": ""bells"", ""b"": ""music"", ""tolerance_s"": 0.0}}"
p-025,en,temporal,I need dog barking first and sirens later.,"{""temporal"": {""predicate"": ""before"", ""a"": ""dog_barkings_and_howlings"", ""b"": ""sirens_and_alarms"", ""tolerance_s"": 0.0}}"
p-026,vi,temporal,Tìm đoạn tiếng còi xe vang lên sau tiếng tàu.,"{""temporal"": {""predicate"": ""after"", ""a"": ""horn"", ""b"": ""train"", ""tolerance_s"": 0.0}}"
p-027,vi,temporal,Có tiếng chim chồng lên tiếng máy cắt cỏ không?,"{""temporal"": {""predicate"": ""overlaps"", ""a"": ""birds"", ""b"": ""lawn_mower_brush_cutter_olive_shaker"", ""tolerance_s"": 0.0}}"
p-028,vi,temporal,Cho mình bản tiếng người nằm trọn trong lúc có nhạc.,"{""temporal"": {""predicate"": ""within"", ""a"": ""voices"", ""b"": ""music"", ""tolerance_s"": 0.0}}"
p-029,vi,temporal,Tìm tiếng sấm hay pháo nổ trước tiếng còi báo động.,"{""temporal"": {""predicate"": ""before"", ""a"": ""thunder_fireworks_gunshot"", ""b"": ""sirens_and_alarms"", ""tolerance_s"": 0.0}}"
p-030,vi,temporal,Có đoạn xe nổ máy sau khi kính vỡ ko?,"{""temporal"": {""predicate"": ""after"", ""a"": ""vehicle_idling"", ""b"": ""glass_breaking"", ""tolerance_s"": 0.0}}"
p-031,en,duration,Find train sounds lasting more than 10 seconds.,"{""duration"": {""class_id"": ""train"", ""min_s"": 10.0}}"
p-032,en,duration,Any clip where jet aircraft noise goes on over 30 seconds?,"{""duration"": {""class_id"": ""jet_aircrafts"", ""min_s"": 30.0}}"
p-033,en,duration,Show passing vehicle sounds longer than ten seconds.,"{""duration"": {""class_id"": ""vehicle_pass_by"", ""min_s"": 10.0}}"
p-034,en,duration,I need workshop noise that lasts over 30 sec.,"{""duration"": {""class_id"": ""workshop"", ""min_s"": 30.0}}"
p-035,en,duration,Where does music continue for more than 10 seconds?,"{""duration"": {""class_id"": ""music"", ""min_s"": 10.0}}"
p-036,vi,duration,Tìm tiếng ve dế kéo dài hơn 30 giây.,"{""duration"": {""class_id"": ""cicadas_and_crickets"", ""min_s"": 30.0}}"
p-037,vi,duration,Có tiếng máy bay cánh quạt lâu hơn 10 giây ko?,"{""duration"": {""class_id"": ""propeller_aircrafts"", ""min_s"": 10.0}}"
p-038,vi,duration,Cho mình đoạn tiếng người nói trên ba mươi giây.,"{""duration"": {""class_id"": ""voices"", ""min_s"": 30.0}}"
p-039,vi,duration,Tìm tiếng xe chạy không tải dài hơn 10 giây.,"{""duration"": {""class_id"": ""vehicle_idling"", ""min_s"": 10.0}}"
p-040,vi,duration,Đoạn nào có tiếng máy hút bụi hay quạt quá 30 giây?,"{""duration"": {""class_id"": ""vacuum_cleaner_fan_hairdryer"", ""min_s"": 30.0}}"
