class_name,duration_min_s,duration_max_s,duration_mean_s,duration_sum_s,n_labels
Bells,0.4,115.1,11.2,1377.7,123
Birds,0.6,97.0,7.1,1590.7,225
Cat fights and moans,1.3,41.1,4.6,636.2,138
Chicken coop,0.5,23.6,3.3,559.4,169
Cicadas and crickets,0.7,111.1,6.4,2695.7,422
Crows seagulls and magpies,0.4,35.2,4.8,802.2,166
Dog barkings and howlings,0.4,100.9,5.0,1214.1,243
Glass breaking,0.6,19.5,3.3,395.1,121
Horn,0.4,19.1,2.6,353.5,135
Jet aircrafts,0.5,98.0,27.1,2709.6,100
Lawn mower brush cutter and olive shaker,0.6,264.1,22.7,3182.8,140
Music,1.7,247.3,21.5,3433.3,160
Propeller aircrafts,0.4,285.0,23.9,5219.6,218
Sirens and alarms,0.6,143.1,18.9,2790.9,148
Thunder fireworks and gunshot,0.6,95.3,10.2,1475.6,145
Train,0.8,227.5,29.8,4801.5,161
Vacuum cleaner fan and hairdryer,1.6,72.8,17.4,2369.0,136
Vehicle idling,1.2,119.4,15.8,2511.9,159
Vehicle pass-by,0.9,56.7,10.3,3283.2,318
Voices,0.4,83.6,5.9,2011.1,344
Wind turbine,6.9,107.1,33.9,3833.8,113
Workshop,0.9,166.1,11.0,4818.4,439
